"Status","Start Time","Stop Time","Duration in ms","Parent Suite","Suite","Sub Suite","Test Class","Test Method","Name","Description"
"passed","Wed Dec 08 11:48:23 CST 2021","Wed Dec 08 11:48:23 CST 2021","156","interface_test","test_login","TestLongi","","","登录测试",""
"passed","Wed Dec 08 11:48:23 CST 2021","Wed Dec 08 11:48:23 CST 2021","126","interface_test","test_power","TestPower","","","test_find_allpower[caseinfo0]",""
"passed","Wed Dec 08 11:48:21 CST 2021","Wed Dec 08 11:48:21 CST 2021","61","interface_test","test_command","TestCommand","","","查询命令",""
"passed","Wed Dec 08 11:48:22 CST 2021","Wed Dec 08 11:48:22 CST 2021","33","interface_test","test_device","TestDevice","","","创建设备",""
"passed","Wed Dec 08 11:48:22 CST 2021","Wed Dec 08 11:48:22 CST 2021","38","interface_test","test_device","TestDevice","","","删除设备",""
"passed","Wed Dec 08 11:48:22 CST 2021","Wed Dec 08 11:48:22 CST 2021","178","interface_test","test_login","TestLongi","","","登录测试",""
"passed","Wed Dec 08 11:48:22 CST 2021","Wed Dec 08 11:48:22 CST 2021","43","interface_test","test_device","TestDevice","","","删除设备",""
"passed","Wed Dec 08 11:48:23 CST 2021","Wed Dec 08 11:48:23 CST 2021","37","interface_test","test_power","TestPower","","","test_find_powerbyid[caseinfo0]",""
"passed","Wed Dec 08 11:48:21 CST 2021","Wed Dec 08 11:48:21 CST 2021","42","interface_test","test_command","TestCommand","","","删除命令",""
"passed","Wed Dec 08 11:48:21 CST 2021","Wed Dec 08 11:48:21 CST 2021","46","interface_test","test_command","TestCommand","","","创建命令",""
"skipped","Wed Dec 08 11:48:23 CST 2021","Wed Dec 08 11:48:23 CST 2021","0","interface_test","test_power","TestPower","","","test_find_PowerCountGroupStatus[caseinfo0]",""
"passed","Wed Dec 08 11:48:22 CST 2021","Wed Dec 08 11:48:23 CST 2021","157","interface_test","test_login","TestLongi","","","登录测试",""
"passed","Wed Dec 08 11:48:22 CST 2021","Wed Dec 08 11:48:22 CST 2021","46","interface_test","test_device","TestDevice","","","查询设备",""
